<?xml version="1.0"?>
<!DOCTYPE modification SYSTEM "http://www.simplemachines.org/xml/modification">
<!-- - - - - - - - - - - - - - - - - - - - - - - - - - - - - - - - - - - - - - -
	This is an example modification file for SMF packages.

	ATTENTION: If you are trying to install this manually, you should try
	the package manager.  If it will not work for you, please take a look
	at the following for information on this format:
		http://www.simplemachines.org/redirect/manual_mod_install

================================================================================

	Modification files can be used to modify files so that they do what
	your package needs them to do to work properly.

 - - - - - - - - - - - - - - - - - - - - - - - - - - - - - - - - - - - - - - -->

<modification xmlns="http://www.simplemachines.org/xml/modification" xmlns:smf="http://www.simplemachines.org/">
	<id>smp420:Custom_Top_Menu</id>
	<version>1.4</version>


	<file name="$sourcedir/ManageSettings.php">
		<operation>
			<search position="before"><![CDATA['general' => 'ModifyGeneralModSettings',]]></search>
			<add><![CDATA[
		'custom_menu' => 'ModifyCustomTopMenu',
]]></add>
		</operation>

		<operation>
			<search position="after"><![CDATA[?>]]></search>
			<add><![CDATA[
// Top menu admin section.			
function ModifyCustomTopMenu($return_config = false)
{
	global $txt, $scripturl, $context, $settings, $sc, $modSettings;
	
	// Get all the text boxes.
			$config_vars = array(
			array('text', 'tab_title1'),
			array('text', 'tab_url1'),
			array('check', 'newpage1'),
			array('text', 'tab_title2'),
			array('text', 'tab_url2'),
			array('check', 'newpage2'),
			array('text', 'tab_title3'),
			array('text', 'tab_url3'),
			array('check', 'newpage3'),
			array('text', 'tab_title4'),
			array('text', 'tab_url4'),
			array('check', 'newpage4'),
			array('text', 'tab_title5'),
			array('text', 'tab_url5'),
			array('check', 'newpage5'),
	);
	if ($return_config)
		return $config_vars;
		
	$context['post_url'] = $scripturl . '?action=admin;area=modsettings;save;sa=custom_menu';
	$context['settings_title'] = $txt['custom_menu_title'];
	
	// Are you saving?	
	if (isset($_GET['save']))
	{
		checkSession();
		
		saveDBSettings($config_vars);

		redirectexit('action=admin;area=modsettings;sa=custom_menu');
		
	}
	
		prepareDBSettingContext($config_vars);
		
	} 
]]></add>
		</operation>
	</file>
	<file name="$sourcedir/Admin.php">	
				<operation>
			<search position="after"><![CDATA[// Mod Authors for a "ADD AFTER" on this line.]]></search>
			<add><![CDATA[
			'custom_menu' => array($txt['custom_menu_title']),]]></add>
		</operation>
	</file>
	<file name="$languagedir/Modifications.english.php">	
				<operation>
			<search position="after"><![CDATA[?>]]></search>
			<add><![CDATA[	//Custom Menu Strings Start Here
   for ($i=1; $i<6; $i++)
	{
$txt['tab_url' . $i] = 'Tab url';
$txt['newpage' . $i] = 'Open tab in new page.';
	}
$txt['custom_menu_title'] = 'Top Menu';
$txt['tab_title1'] = '1st tab name';
$txt['tab_title2'] = '2nd tab name';
$txt['tab_title3'] = '3rd tab name';
$txt['tab_title4'] = '4th tab name';
$txt['tab_title5'] = '5th tab name';
	//Custom Menu Strings End Here
		
]]></add>
		</operation>
	</file>
	<file name="$languagedir/Modifications.english-utf8.php" error="skip">	
				<operation>
			<search position="after"><![CDATA[?>]]></search>
			<add><![CDATA[	//Custom Menu Strings Start Here
   for ($i=1; $i<6; $i++)
	{
$txt['tab_url' . $i] = 'Tab url';
$txt['newpage' . $i] = 'Open tab in new page.';
	}
$txt['custom_menu_title'] = 'Top Menu';
$txt['tab_title1'] = '1st tab name';
$txt['tab_title2'] = '2nd tab name';
$txt['tab_title3'] = '3rd tab name';
$txt['tab_title4'] = '4th tab name';
$txt['tab_title5'] = '5th tab name';
	//Custom Menu Strings End Here
	
]]></add>
		</operation>
	</file>		

	<file name="$themedir/index.template.php">	
			<operation>
			<search position="replace"><![CDATA[	echo '
			', empty($settings['site_slogan']) ? '<img id="smflogo" src="' . $settings['images_url'] . '/smflogo.png" alt="Simple Machines Forum" title="Simple Machines Forum" />' : '<div id="siteslogan" class="floatright">' . $settings['site_slogan'] . '</div>', ']]></search>
			<add><![CDATA[
	// The code for the menu you installed dont you remember it?
   echo '
			<div id="site_menu" class="align_right" style="float: right; margin-top: 9px;">
		<ul class="dropmenu" id="site_nav">'; 

   for ($i=1; $i<6; $i++)
      {
         if (!empty($modSettings['tab_url' . $i]) && !empty($modSettings['tab_title' . $i]))
         {
            echo '
               <li id="button', $i, '">
                  <a class="firstlevel" href="', $modSettings['tab_url' . $i],'"';
					if(!empty($modSettings['newpage' . $i])) 
						echo ' TARGET="_blank"';
							echo '>
			<span class="firstlevel">', $modSettings['tab_title' . $i], '</span>
                  </a>
               </li>';
         }
      }
   echo'
         </ul>
            </div>]]></add>
		</operation>
	</file>

</modification>