<?xml version="1.0"?>
<!DOCTYPE package-info SYSTEM "http://www.simplemachines.org/xml/package-info">
<package-info xmlns="http://www.simplemachines.org/xml/package-info" xmlns:smf="http://www.simplemachines.org/">

	<id>smp420:Custom_Top_Menu</id>
	<name>Custom_Top_menu</name>
	<version>1.4</version>
	<type>modification</type>
	<install>
		<modification>modification.xml</modification>
		<modification>russian.xml</modification>
		<modification>russian-utf8.xml</modification>		
	</install>
	
	<uninstall>
		<modification reverse="true">modification.xml</modification>
		<modification reverse="true">russian.xml</modification>
		<modification reverse="true">russian-utf8.xml</modification>		
	</uninstall>
</package-info>
