<?xml version="1.0"?>
<!DOCTYPE modification SYSTEM "http://www.simplemachines.org/xml/modification">
<modification xmlns="http://www.simplemachines.org/xml/modification" xmlns:smf="http://www.simplemachines.org/">
	<id>smp420:Custom_Top_Menu</id>
	<version>1.4</version>
	
	<file name="$languagedir/Modifications.russian-utf8.php" error="skip">
		<operation>
			<search position="end" />
			<add><![CDATA[
//Custom Menu Strings Start Here
for ($i=1; $i<6; $i++)
{
$txt['tab_url' . $i] = 'URL-адрес кнопки';
$txt['newpage' . $i] = 'Открывать в новом окне';
}
$txt['custom_menu_title'] = 'Верхнее меню';
$txt['tab_title1'] = 'Название первой кнопки';
$txt['tab_title2'] = 'Название второй кнопки';
$txt['tab_title3'] = 'Название третьей кнопки';
$txt['tab_title4'] = 'Название четвёртой кнопки';
$txt['tab_title5'] = 'Название пятой кнопки';
//Custom Menu Strings End Here
]]></add>
		</operation>
	</file>

</modification>