<?xml version="1.0"?>
<!DOCTYPE modification SYSTEM "http://www.simplemachines.org/xml/modification">
<modification xmlns="http://www.simplemachines.org/xml/modification" xmlns:smf="http://www.simplemachines.org/">
	<id>Bulakbol:CAI</id>
	<version>1.1</version>

<!-- Sources/ManagePosts.php -->
	<file name="$sourcedir/ManagePosts.php">
		<operation><!-- line 380 -->
			<search position="before"><![CDATA['enablePreviousNext' => empty($_POST['enablePreviousNext']) ? '0' : '1',]]></search>
			<add><![CDATA[
			'disable_colors_for_icons' => empty($_POST['disable_colors_for_icons']) ? '0' : '1',
			'exempt_replies' => empty($_POST['exempt_replies']) ? '0' : '1',]]></add>
		</operation>
	</file>

<!-- Sources/Subs.php -->
	<file name="$sourcedir/Subs.php">
		<operation><!-- end of file -->
			<search position="end" />
			<add><![CDATA[
function colorForIcon($message_icon)
{	
	global $modSettings, $db_prefix;
	
	$color_for_icon = '';

	if (empty($modSettings['disable_colors_for_icons']))
	{
			$request = db_query("
				SELECT filename, color
				FROM {$db_prefix}message_icons 
				WHERE filename = '$message_icon'
				LIMIT 1", __FILE__, __LINE__);
				
			while ($row = mysql_fetch_assoc($request))
				$color_for_icon = !empty($row['color']) ? $row['color'] : '';

			mysql_free_result($request);

		// Add inline css and color if color value is not null
		if (!empty($color_for_icon))
			$color_for_icon = ' style="color: ' . $color_for_icon . ';"';
	}
	
	return $color_for_icon;
}
]]></add>
		</operation>
	</file>

<!-- Sources/Post.php -->
	<file name="$sourcedir/Post.php">
		<operation><!-- line 710 -->
			<search position="replace"><![CDATA[SELECT title, filename]]></search>
			<add><![CDATA[SELECT title, filename, color]]></add>
		</operation>
		<operation><!-- line 735 -->
			<search position="replace"><![CDATA['is_last' => false,]]></search>
			<add><![CDATA['is_last' => false,
				'color' => $icon['color'],]]></add>
		</operation>
	</file>

<!-- Sources/ManageSmileys.php -->
	<file name="$sourcedir/ManageSmileys.php">
		<operation><!-- line 1003 -->
			<search position="before"><![CDATA[$context['icons'] = array();
	$request = db_query("
		SELECT m.ID_ICON, m.title, m.filename, m.iconOrder, m.ID_BOARD, b.name AS boardName]]></search>
			<add><![CDATA[, m.color]]></add>
		</operation>
		<operation><!-- line 1023 -->
			<search position="before"><![CDATA['after' => $lastIcon,]]></search>
			<add><![CDATA[
			'color' => !empty($row['color']) ? $row['color'] : '',]]></add>
		</operation>
		<operation><!-- line 1084 -->
			<search position="before"><![CDATA[$context['icons'][$_GET['icon']]['title'] = $_POST['icon_description'];]]></search>
			<add><![CDATA[
			$context['icons'][$_GET['icon']]['color'] = $_POST['color'];]]></add>
		</operation>
		<operation><!-- line 1096 -->
			<search position="replace"><![CDATA[$insert[] = "($id, $icon[board_id], SUBSTRING('$icon[title]', 1, 80), SUBSTRING('$icon[filename]', 1, 80), $icon[true_order])";]]></search>
			<add><![CDATA[$insert[] = "($id, $icon[board_id], SUBSTRING('$icon[title]', 1, 80), SUBSTRING('$icon[filename]', 1, 80), $icon[true_order], SUBSTRING('$icon[color]', 1, 16))";]]></add>
		</operation>
		<operation><!-- line 1101 -->
			<search position="replace"><![CDATA[(ID_ICON, ID_BOARD, title, filename, iconOrder)]]></search>
			<add><![CDATA[(ID_ICON, ID_BOARD, title, filename, iconOrder, color)]]></add>
		</operation>
	</file>

<!-- Sources/MessageIndex.php -->
	<file name="$sourcedir/MessageIndex.php">
		<operation><!-- line 533 -->
			<search position="replace"><![CDATA[			// 'Print' the topic info.]]></search>
			<add><![CDATA[			$color_for_icon = ($modSettings['recycle_board'] != $context['current_board']) ? colorForIcon($row['firstIcon']) : '';

			// 'Print' the topic info.]]></add>
		</operation>
		<operation><!-- line 552 -->
			<search position="replace"><![CDATA['link' => '<a href="' . $scripturl . '?topic=' . $row['ID_TOPIC'] . '.0">' . $row['firstSubject'] . '</a>']]></search>
			<add><![CDATA['link' => '<a href="' . $scripturl . '?topic=' . $row['ID_TOPIC'] . '.0"' . $color_for_icon . '>' . $row['firstSubject'] . '</a>']]></add>
		</operation>
		<operation><!-- line 563 -->
			<search position="replace"><![CDATA['time' => timeformat($row['lastPosterTime']),]]></search>
			<add><![CDATA['time' => '<span' . $color_for_icon . '>' . timeformat($row['lastPosterTime']) . '</span>',]]></add>
		</operation>
		<operation><!-- line 586 -->
			<search position="replace"><![CDATA['replies' => $row['numReplies'],
				'views' => $row['numViews']]]></search>
			<add><![CDATA['replies' => '<span' . $color_for_icon . '>' . number_format($row['numReplies']) . '</span>',
				'views' => '<span' . $color_for_icon . '>' . number_format($row['numViews']) . '</span>',]]></add>
		</operation>
	</file>

<!-- Sources/Display.php -->
	<file name="$sourcedir/Display.php">
		<operation><!-- line 893 -->
			<search position="before"><![CDATA[$message['body'] = parse_bbc($message['body'], $message['smileysEnabled'], $message['ID_MSG']);]]></search>
			<add><![CDATA[

	if (!empty($modSettings['exempt_replies']))
		$color_for_icon = ($context['first_message'] == $message['ID_MSG']) && ($modSettings['recycle_board'] != $context['current_board']) ? colorForIcon($message['icon']) : '';
	else
		$color_for_icon = ($modSettings['recycle_board'] != $context['current_board']) ? colorForIcon($message['icon']) : '';]]></add>
		</operation>
		<operation><!-- 1126 -->
			<search position="replace"><![CDATA['subject' => $message['subject'],]]></search>
			<add><![CDATA['subject' => '<span' . $color_for_icon . '>'. $message['subject'] . '</span>',]]></add>
		</operation>
	</file>

<!-- default/Admin.template.php -->
	<file name="$themedir/Admin.template.php">
		<operation><!-- line 1110 -->
			<search position="replace"><![CDATA[<td valign="top">
					<input type="checkbox" name="enablePreviousNext" id="enablePreviousNext_check"', empty($modSettings['enablePreviousNext']) ? '' : ' checked="checked"', ' class="check" />
				</td>]]></search>
			<add><![CDATA[<td valign="top">
					<input type="checkbox" name="enablePreviousNext" id="enablePreviousNext_check"', empty($modSettings['enablePreviousNext']) ? '' : ' checked="checked"', ' class="check" />
				</td>
			</tr><tr class="windowbg2">
				<td colspan="2"><hr /></td>
			</tr><tr class="windowbg2">
				<th width="50%" align="right">
					<label for="disable_colors_for_icons_check">', $txt['disable_colors_for_icons'], '</label> <span style="font-weight: normal;">(<a href="', $scripturl, '?action=helpadmin;help=disable_colors_for_icons" onclick="return reqWin(this.href);">?</a>)</span>:
				</th>
				<td valign="top">
					<input type="checkbox" name="disable_colors_for_icons" id="disable_colors_for_icons_check"', empty($modSettings['disable_colors_for_icons']) ? '' : ' checked="checked"', ' class="check" />
				</td>				
			</tr><tr class="windowbg2">
				<th width="50%" align="right">
					<label for="exempt_replies_check">', $txt['exempt_replies'], '</label> <span style="font-weight: normal;">(<a href="', $scripturl, '?action=helpadmin;help=exempt_replies" onclick="return reqWin(this.href);">?</a>)</span>:
				</th>
				<td valign="top">
					<input type="checkbox" name="exempt_replies" id="exempt_replies_check"', empty($modSettings['exempt_replies']) ? '' : ' checked="checked"', ' class="check" />
				</td>]]></add>
		</operation>
	</file>


<!-- default/Post.template.php -->
	<file name="$themedir/Post.template.php">
		<operation><!-- line 443 -->
			<search position="replace"><![CDATA[// Loop through each message icon allowed, adding it to the drop down list.
	foreach ($context['icons'] as $icon)
		echo '
										<option value="', $icon['value'], '"', $icon['value'] == $context['icon'] ? ' selected="selected"' : '', '>', $icon['name'], '</option>';]]></search>
			<add><![CDATA[// Loop through each message icon allowed, adding it to the drop down list.
	if (empty($modSettings['disable_colors_for_icons']) && $modSettings['recycle_board'] != $context['current_board'])
	{
		foreach ($context['icons'] as $icon)
		if (allowedTo('moderate_board') || empty($modSettings['exempt_replies']))
			echo '
										<option value="', $icon['value'], '"', ($icon['value'] == $context['icon'] ? ' selected="selected"' : ''), (!empty($icon['color']) ? ' style="color: ' . $icon['color']. ';">' : '>'), '', $icon['name'], '</option>';		
		else
			echo '
										<option value="', $icon['value'], '"', $icon['value'] == $context['icon'] ? ' selected="selected"' : '', '>', $icon['name'], '</option>';
	}
	else
		foreach ($context['icons'] as $icon)
			echo '
										<option value="', $icon['value'], '"', $icon['value'] == $context['icon'] ? ' selected="selected"' : '', '>', $icon['name'], '</option>';]]></add>
		</operation>
	</file>

<!-- default/ManageSmileys.template.php -->
	<file name="$themedir/ManageSmileys.template.php">
		<operation><!-- line 604 -->
			<search position="before"><![CDATA[<td>', $txt['smileys_description'], '</td>]]></search>
			<add><![CDATA[
				<td align="center">', $txt['color'], '</td>]]></add>
		</operation>
		<operation><!-- line 618 -->
			<search position="replace"><![CDATA[</td><td valign="top" class="windowbg">
					', $icon['title'], '
				</td><td valign="top">]]></search>
			<add><![CDATA[</td><td valign="top" class="windowbg">
					', $icon['title'], '
				</td><td valign="top" align="center">
					<span style="color:', (!empty($icon['color']) ? $icon['color'] : '#A6A6A6') . ';">', (!empty($icon['color']) ? $icon['color'] : '---'), '</span>
				</td><td valign="top" class="windowbg">]]></add>
		</operation>
		<operation><!-- line 694 -->
			<search position="replace"><![CDATA[<tr class="windowbg2">
				<td align="right" colspan="2">
					<input type="submit" value="', $txt['smileys_save'], '" />
				</td>
			</tr>
		</table>';]]></search>
			<add><![CDATA[<tr class="windowbg2">
				<td align="right"><b><label for="color">', $txt['color'], '</label>: </b></td>
				<td>
				<select name="color" id="color">
					<option value="', !empty($context['icon']['id']) ? $context['icons'][$context['icon']['id']]['color'] : '', '">
						', !empty($context['icon']['id']) ? $context['icons'][$context['icon']['id']]['color'] : '', '</option>
					<option value=""></option>
					<option value="black" style="color: black;">', $txt['black'], '</option>
					<option value="red" style="color: red;">', $txt['red'], '</option>
					<option value="yellow" style="color: yellow;">', $txt['yellow'], '</option>
					<option value="pink" style="color: pink;">', $txt['pink'], '</option>
					<option value="green" style="color: green;">', $txt['green'], '</option>
					<option value="orange" style="color: orange;">', $txt['orange'], '</option>
					<option value="purple" style="color: purple;">', $txt['purple'], '</option>
					<option value="blue" style="color: blue;">', $txt['blue'], '</option>
					<option value="beige" style="color: beige;">', $txt['beige'], '</option>
					<option value="brown" style="color: brown;">', $txt['brown'], '</option>
					<option value="teal" style="color: teal;">', $txt['teal'], '</option>
					<option value="navy" style="color: navy;">', $txt['navy'], '</option>
					<option value="maroon" style="color: maroon;">', $txt['maroon'], '</option>
				</select>
				</td>
			</tr>
			<tr class="windowbg2">
				<td align="right" colspan="2">
					<input type="submit" value="', $txt['smileys_save'], '" />
				</td>
			</tr>
		</table>';]]></add>
		</operation>
	</file>
	
<!-- default/languages/Modifications.english.php -->
	<file name="$languagedir/Modifications.english.php">
		<operation>
			<search position="end" />
			<add><![CDATA[
$txt['standard_color'] = 'Std';
$txt['color'] = 'Color';
$txt['black'] = 'Black';
$txt['red'] = 'Red';
$txt['yellow'] = 'Yellow';
$txt['pink'] = 'Pink';
$txt['green'] = 'Green';
$txt['orange'] = 'Orange';
$txt['purple'] = 'Purple';
$txt['blue'] = 'Blue';
$txt['beige'] = 'Beige';
$txt['brown'] = 'Brown';
$txt['teal'] = 'Teal';
$txt['navy'] = 'Navy';
$txt['maroon'] = 'Maroon';
$txt['lime_green'] = 'Lime Green';
$txt['white'] = 'White';
$txt['disable_colors_for_icons'] = 'Disable colors for icons';
$txt['exempt_replies'] = 'Do not apply colors to replies in message view';
]]></add>
		</operation>
	</file>
	
<!-- default/languages/Help.english.php -->
	<file name="$languagedir/Help.english.php">
		<operation>
			<search position="end" />
			<add><![CDATA[
$helptxt['disable_colors_for_icons'] = 'This will disable the use of colors for the topic icons.';
$helptxt['exempt_replies'] = 'This will disable the color of subject of all replies. Only moderators and administrators can change message icons.';
]]></add>
		</operation>
	</file>
	
<!-- default/languages/Modifications.english-utf8.php -->
	<file name="$languagedir/Modifications.english-utf8.php" error="skip">
		<operation>
			<search position="end" />
			<add><![CDATA[
$txt['standard_color'] = 'Std';
$txt['color'] = 'Color';
$txt['black'] = 'Black';
$txt['red'] = 'Red';
$txt['yellow'] = 'Yellow';
$txt['pink'] = 'Pink';
$txt['green'] = 'Green';
$txt['orange'] = 'Orange';
$txt['purple'] = 'Purple';
$txt['blue'] = 'Blue';
$txt['beige'] = 'Beige';
$txt['brown'] = 'Brown';
$txt['teal'] = 'Teal';
$txt['navy'] = 'Navy';
$txt['maroon'] = 'Maroon';
$txt['lime_green'] = 'Lime Green';
$txt['white'] = 'White';
$txt['disable_colors_for_icons'] = 'Disable colors for icons';
$txt['exempt_replies'] = 'Do not apply colors to replies in message view';
]]></add>
		</operation>
	</file>
	
<!-- default/languages/Help.english-utf8.php -->
	<file name="$languagedir/Help.english-utf8.php" error="skip">
		<operation>
			<search position="end" />
			<add><![CDATA[
$helptxt['disable_colors_for_icons'] = 'This will disable the use of colors for the topic icons.';
$helptxt['exempt_replies'] = 'This will disable the color of subject of all replies. Only moderators and administrators can change message icons.';
]]></add>
		</operation>
	</file>
	
</modification>

<!-- Sources/MessageIndex.php --
	<file name="$sourcedir/MessageIndex.php">
		<operation>
			<search position="replace"><![CDATA[.....]]></search>
			<add><![CDATA[.....]]></add>
		</operation>
	</file>
-->