<?xml version="1.0"?>
<!DOCTYPE modification SYSTEM "http://www.simplemachines.org/xml/modification">
<modification xmlns="http://www.simplemachines.org/xml/modification" xmlns:smf="http://www.simplemachines.org/">
	<id>Bulakbol:CAI</id>
	<version>1.1</version>

<!-- Sources/ManagePosts.php -->
	<file name="$sourcedir/ManagePosts.php">
		<operation><!-- line 352 -->
			<search position="replace"><![CDATA[array('check', 'enablePreviousNext'),]]></search>
			<add><![CDATA[array('check', 'enablePreviousNext'),
		'',
			array('check', 'disable_colors_for_icons'),
			array('check', 'exempt_replies'),]]></add>
		</operation>
	</file>

<!-- Sources/Subs.php -->
	<file name="$sourcedir/Subs.php">
		<operation><!-- end of file -->
			<search position="end" />
			<add><![CDATA[
function colorForIcon($message_icon)
{	
	global $modSettings, $smcFunc;
	
	$color_for_icon = '';

	if (empty($modSettings['disable_colors_for_icons']))
	{
			$request = $smcFunc['db_query']('', '
				SELECT filename, color
				FROM {db_prefix}message_icons
				WHERE filename = {string:icon_title}
				LIMIT 1',
				array(
					'icon_title' => $message_icon,
				)
			);			
			while ($row = $smcFunc['db_fetch_assoc']($request))
				$color_for_icon = !empty($row['color']) ? $row['color'] : '';

			$smcFunc['db_free_result']($request);

		// Add inline css and color if color value is not null
		if (!empty($color_for_icon))
			$color_for_icon = ' style="color: ' . $color_for_icon . ';"';
	}
	
	return $color_for_icon;
}
]]></add>
		</operation>
	</file>

<!-- Sources/Subs-Editor.php -->
	<file name="$sourcedir/Subs-Editor.php">
		<operation><!-- line 710 -->
			<search position="replace"><![CDATA[SELECT title, filename]]></search>
			<add><![CDATA[SELECT title, filename, color]]></add>
		</operation>
		<operation><!-- line 735 -->
			<search position="replace"><![CDATA['is_last' => false,]]></search>
			<add><![CDATA['is_last' => false,
				'color' => $icon['color'],]]></add>
		</operation>
	</file>

<!-- Sources/ManageSmileys.php -->
	<file name="$sourcedir/ManageSmileys.php">
		<operation><!-- line 1477 -->
			<search position="before"><![CDATA[$context['icons'] = array();
	$request = $smcFunc['db_query']('', '
		SELECT m.id_icon, m.title, m.filename, m.icon_order, m.id_board, b.name AS board_name]]></search>
			<add><![CDATA[, m.color]]></add>
		</operation>
		<operation><!-- line 1497 -->
			<search position="before"><![CDATA['after' => $last_icon,]]></search>
			<add><![CDATA[
			'color' => !empty($row['color']) ? $row['color'] : '',]]></add>
		</operation>
		<operation><!-- line 1563 -->
			<search position="before"><![CDATA[$context['icons'][$_GET['icon']]['title'] = $_POST['icon_description'];]]></search>
			<add><![CDATA[
			$context['icons'][$_GET['icon']]['color'] = $_POST['color'];]]></add>
		</operation>
		<operation><!-- line 1571 -->
			<search position="replace"><![CDATA[$iconInsert[] = array($id, $icon['board_id'], $icon['title'], $icon['filename'], $icon['true_order']);]]></search>
			<add><![CDATA[$iconInsert[] = array($id, $icon['board_id'], $icon['title'], $icon['filename'], $icon['true_order'], $icon['color']);]]></add>
		</operation>
		<operation><!-- 1576 -->
			<search position="replace"><![CDATA[array('id_icon' => 'int', 'id_board' => 'int', 'title' => 'string-80', 'filename' => 'string-80', 'icon_order' => 'int'),]]></search>
			<add><![CDATA[array('id_icon' => 'int', 'id_board' => 'int', 'title' => 'string-80', 'filename' => 'string-80', 'icon_order' => 'int', 'color' => 'string-16'),]]></add>
		</operation>
		<operation><!-- 1638 -->
			<search position="after"><![CDATA['board' => array(
				'header' => array(]]></search>
			<add><![CDATA['color' => array(
				'header' => array(
					'value' => $txt['color'],
				),
				'data' => array(
					'function' => create_function('$rowData', '
						return \'<span style="color: \' . (!empty($rowData[\'color\']) ? $rowData[\'color\'] : \'#A6A6A6\') . \';">\' . (!empty($rowData[\'color\']) ? $rowData[\'color\'] : \'---\') . \'</span>\';
					'),
				'style' => 'text-align: center',
				),
			),]]></add>
		</operation>
				<operation><!-- line 1733 -->
			<search position="before"><![CDATA[global $smcFunc, $user_info;

	$request = $smcFunc['db_query']('', '
		SELECT m.id_icon, m.title, m.filename, m.icon_order, m.id_board, b.name AS board_name]]></search>
			<add><![CDATA[, m.color]]></add>
		</operation>
	</file>

<!-- Sources/MessageIndex.php -->
	<file name="$sourcedir/MessageIndex.php">
		<operation><!-- line 493 -->
			<search position="replace"><![CDATA[			// 'Print' the topic info.]]></search>
			<add><![CDATA[			$color_for_icon = ($modSettings['recycle_board'] != $context['current_board']) ? colorForIcon($row['first_icon']) : '';
			
			// 'Print' the topic info.]]></add>
		</operation>
		<operation><!-- line 525 -->
			<search position="replace"><![CDATA['link' => '<a href="' . $scripturl . '?topic=' . $row['id_topic'] . '.0">' . $row['first_subject'] . '</a>']]></search>
			<add><![CDATA['link' => '<a href="' . $scripturl . '?topic=' . $row['id_topic'] . '.0"' . $color_for_icon . '>' . $row['first_subject'] . '</a>']]></add>
		</operation>
		<operation><!-- line 537 -->
			<search position="replace"><![CDATA['time' => timeformat($row['last_poster_time']),]]></search>
			<add><![CDATA['time' => '<span' . $color_for_icon . '>' . timeformat($row['last_poster_time']) . '</span>',]]></add>
		</operation>
		<operation><!-- line 560 -->
			<search position="replace"><![CDATA['replies' => $row['num_replies'],
				'views' => $row['num_views'],]]></search>
			<add><![CDATA['replies' => '<span' . $color_for_icon . '>' . number_format($row['num_replies']) . '</span>',
				'views' => '<span' . $color_for_icon . '>' . number_format($row['num_views']) . '</span>',]]></add>
		</operation>
	</file>

<!-- Sources/Display.php -->
	<file name="$sourcedir/Display.php">
		<operation><!-- line 1102 -->
			<search position="before"><![CDATA[$message['body'] = parse_bbc($message['body'], $message['smileys_enabled'], $message['id_msg']);]]></search>
			<add><![CDATA[

	if (!empty($modSettings['exempt_replies']))
		$color_for_icon = ($context['first_message'] == $message['id_msg']) && ($modSettings['recycle_board'] != $context['current_board']) ? colorForIcon($message['icon']) : '';
	else
		$color_for_icon = ($modSettings['recycle_board'] != $context['current_board']) ? colorForIcon($message['icon']) : '';]]></add>
		</operation>
		<operation><!-- 1126 -->
			<search position="replace"><![CDATA['subject' => $message['subject'],]]></search>
			<add><![CDATA['subject' => '<span' . $color_for_icon . '>'. $message['subject'] . '</span>',]]></add>
		</operation>
	</file>

<!-- default/Post.template.php -->
	<file name="$themedir/Post.template.php">
		<operation><!-- line 346 -->
			<search position="replace"><![CDATA[// Loop through each message icon allowed, adding it to the drop down list.
	foreach ($context['icons'] as $icon)
		echo '
										<option value="', $icon['value'], '"', $icon['value'] == $context['icon'] ? ' selected="selected"' : '', '>', $icon['name'], '</option>';]]></search>
			<add><![CDATA[// Loop through each message icon allowed, adding it to the drop down list.
	if (empty($modSettings['disable_colors_for_icons']) && $modSettings['recycle_board'] != $context['current_board'])
	{
		foreach ($context['icons'] as $icon)
		if (allowedTo('moderate_board') || empty($modSettings['exempt_replies']))
			echo '
										<option value="', $icon['value'], '"', ($icon['value'] == $context['icon'] ? ' selected="selected"' : ''), (!empty($icon['color']) ? ' style="color: ' . $icon['color']. ';">' : '>'), '', $icon['name'], '</option>';		
		else
			echo '
										<option value="', $icon['value'], '"', $icon['value'] == $context['icon'] ? ' selected="selected"' : '', '>', $icon['name'], '</option>';
	}
	else
		foreach ($context['icons'] as $icon)
			echo '
										<option value="', $icon['value'], '"', $icon['value'] == $context['icon'] ? ' selected="selected"' : '', '>', $icon['name'], '</option>';]]></add>
		</operation>
	</file>

<!-- default/ManageSmileys.template.php -->
	<file name="$themedir/ManageSmileys.template.php">
		<operation><!-- line 512 -->
			<search position="replace"><![CDATA[<tr class="windowbg2">
				<td align="right" colspan="2">
					<input type="submit" value="', $txt['smileys_save'], '" />
				</td>
			</tr>
		</table>';]]></search>
			<add><![CDATA[<tr class="windowbg2">
				<td align="right"><b><label for="color">', $txt['color'], '</label>: </b></td>
				<td>
				<select name="color" id="color">
					<option value="', !empty($context['icon']['id']) ? $context['icons'][$context['icon']['id']]['color'] : '', '">
						', !empty($context['icon']['id']) ? $context['icons'][$context['icon']['id']]['color'] : '', '</option>
					<option value=""></option>
					<option value="black" style="color: black;">', $txt['black'], '</option>
					<option value="red" style="color: red;">', $txt['red'], '</option>
					<option value="yellow" style="color: yellow;">', $txt['yellow'], '</option>
					<option value="pink" style="color: pink;">', $txt['pink'], '</option>
					<option value="green" style="color: green;">', $txt['green'], '</option>
					<option value="orange" style="color: orange;">', $txt['orange'], '</option>
					<option value="purple" style="color: purple;">', $txt['purple'], '</option>
					<option value="blue" style="color: blue;">', $txt['blue'], '</option>
					<option value="beige" style="color: beige;">', $txt['beige'], '</option>
					<option value="brown" style="color: brown;">', $txt['brown'], '</option>
					<option value="teal" style="color: teal;">', $txt['teal'], '</option>
					<option value="navy" style="color: navy;">', $txt['navy'], '</option>
					<option value="maroon" style="color: maroon;">', $txt['maroon'], '</option>
				</select>
				</td>
			</tr>
			<tr class="windowbg2">
				<td align="right" colspan="2">
					<input type="submit" value="', $txt['smileys_save'], '" />
				</td>
			</tr>
		</table>';]]></add>
		</operation>
	</file>
	
<!-- default/languages/Modifications.english.php -->
	<file name="$languagedir/Modifications.english.php">
		<operation>
			<search position="end" />
			<add><![CDATA[
$txt['standard_color'] = 'Std';
$txt['color'] = 'Color';
$txt['black'] = 'Black';
$txt['red'] = 'Red';
$txt['yellow'] = 'Yellow';
$txt['pink'] = 'Pink';
$txt['green'] = 'Green';
$txt['orange'] = 'Orange';
$txt['purple'] = 'Purple';
$txt['blue'] = 'Blue';
$txt['beige'] = 'Beige';
$txt['brown'] = 'Brown';
$txt['teal'] = 'Teal';
$txt['navy'] = 'Navy';
$txt['maroon'] = 'Maroon';
$txt['lime_green'] = 'Lime Green';
$txt['white'] = 'White';
$txt['disable_colors_for_icons'] = 'Disable colors for icons';
$txt['exempt_replies'] = 'Do not apply colors to replies in message view';
]]></add>
		</operation>
	</file>
	
<!-- default/languages/Help.english.php -->
	<file name="$languagedir/Help.english.php">
		<operation>
			<search position="end" />
			<add><![CDATA[
$helptxt['disable_colors_for_icons'] = 'This will disable the use of colors for the topic icons.';
$helptxt['exempt_replies'] = 'This will disable the color of subject of all replies. Only moderators and administrators can change message icons.';
]]></add>
		</operation>
	</file>
	
<!-- default/languages/Modifications.english-utf8.php -->
	<file name="$languagedir/Modifications.english-utf8.php" error="skip">
		<operation>
			<search position="end" />
			<add><![CDATA[
$txt['standard_color'] = 'Std';
$txt['color'] = 'Color';
$txt['black'] = 'Black';
$txt['red'] = 'Red';
$txt['yellow'] = 'Yellow';
$txt['pink'] = 'Pink';
$txt['green'] = 'Green';
$txt['orange'] = 'Orange';
$txt['purple'] = 'Purple';
$txt['blue'] = 'Blue';
$txt['beige'] = 'Beige';
$txt['brown'] = 'Brown';
$txt['teal'] = 'Teal';
$txt['navy'] = 'Navy';
$txt['maroon'] = 'Maroon';
$txt['lime_green'] = 'Lime Green';
$txt['white'] = 'White';
$txt['disable_colors_for_icons'] = 'Disable colors for icons';
$txt['exempt_replies'] = 'Do not apply colors to replies in message view';
]]></add>
		</operation>
	</file>
	
<!-- default/languages/Help.english-utf8.php -->
	<file name="$languagedir/Help.english-utf8.php" error="skip">
		<operation>
			<search position="end" />
			<add><![CDATA[
$helptxt['disable_colors_for_icons'] = 'This will disable the use of colors for the topic icons.';
$helptxt['exempt_replies'] = 'This will disable the color of subject of all replies. Only moderators and administrators can change message icons.';
]]></add>
		</operation>
	</file>
	
</modification>

<!-- Sources/MessageIndex.php --
	<file name="$sourcedir/MessageIndex.php">
		<operation>
			<search position="replace"><![CDATA[.....]]></search>
			<add><![CDATA[.....]]></add>
		</operation>
	</file>
-->