<?xml version="1.0"?>
<!DOCTYPE package-info SYSTEM "http://www.simplemachines.org/xml/package-info">
<package-info xmlns="http://www.simplemachines.org/xml/package-info" xmlns:smf="http://www.simplemachines.org/">
	<id>Bulakbol:CAI</id>
	<name>Colors And Icons</name>
	<version>1.1</version>
	<type>modification</type>

<!-- SMF 1.x install -->
	<install for="1.1 - 1.99.99">
		<readme type="file" parsebbc="true">readme.txt</readme>
		<modification format="xml">install1.xml</modification>
		<code>installdb1.php</code>
	</install>

<!-- SMF 1.x uninstall -->
	<uninstall for="1.1 - 1.99.99">
		<modification reverse="true">install1.xml</modification>
	</uninstall>

<!-- SMF 2.0 -->
	<install for="2.0 - 2.99.99">
		<redirect url="?action=admin;area=smileys;sa=editicons" />
		<readme type="file" parsebbc="true">readme.txt</readme>
		<modification format="xml" type="file">install2.xml</modification>
		<code>installdb2.php</code>
	</install>

<!-- SMF 2.0  -->
	<uninstall for="2.0 - 2.99.99">
		<modification type="file" reverse="true">install2.xml</modification>
	</uninstall>

</package-info>