<?xml version="1.0"?>
<!DOCTYPE modification SYSTEM "http://www.simplemachines.org/xml/modification">
<modification xmlns="http://www.simplemachines.org/xml/modification" xmlns:smf="http://www.simplemachines.org/">
	<name>Board-color-and-icons</name>
	<id>Uniquez:Board-color-and-icons</id>
	<version>1.1</version>
	<homepage>http://www.uniquez-home.com/</homepage>
	
<file name="$themedir/BoardIndex.template.php">
<operation>
<search position="replace"><![CDATA[						<a class="subject" href="', $board['href'], '" name="b', $board['id'], '">', $board['name'], '</a>';]]>
</search>
<add><![CDATA[												<a class="subject" href="', $board['href'], '" name="b', $board['id'], '"', !empty($board['color']) ? ' style="color: ' . $board['color'] . ';">' : '>', $board['name'];
						if (!empty($board['icon']))
						echo ' <img src="',  $board['icon'], '" style="width: 18px; height: 18px;" alt="" />';
						echo '</a>';]]></add>
</operation>
<operation>
<search position="replace"><![CDATA[						if (!$child['is_redirect'])
							$child['link'] = '<a href="' . $child['href'] . '" ' . ($child['new'] ? 'class="new_posts" ' : '') . 'title="' . ($child['new'] ? $txt['new_posts'] : $txt['old_posts']) . ' (' . $txt['board_topics'] . ': ' . comma_format($child['topics']) . ', ' . $txt['posts'] . ': ' . comma_format($child['posts']) . ')">' . $child['name'] . ($child['new'] ? '</a> <a href="' . $scripturl . '?action=unread;board=' . $child['id'] . '" title="' . $txt['new_posts'] . ' (' . $txt['board_topics'] . ': ' . comma_format($child['topics']) . ', ' . $txt['posts'] . ': ' . comma_format($child['posts']) . ')"><img src="' . $settings['lang_images_url'] . '/new.gif" class="new_posts" alt="" />' : '') . '</a>';
						else
							$child['link'] = '<a href="' . $child['href'] . '" title="' . comma_format($child['posts']) . ' ' . $txt['redirects'] . '">' . $child['name'] . '</a>';]]>
</search>
<add><![CDATA[					if (!$child['is_redirect'])
							$child['link'] = '<a href="' . $child['href'] . '" ' . ($child['new'] ? 'class="new_posts" ' : '') . 'title="' . ($child['new'] ? $txt['new_posts'] : $txt['old_posts']) . ' (' . $txt['board_topics'] . ': ' . comma_format($child['topics']) . ', ' . $txt['posts'] . ': ' . comma_format($child['posts']) . ')"' . (!empty($child['color']) ? 'style="color:' . $child['color'] . '">' : '>') .  $child['name'] . (!empty($child['icon']) ? ' <img src="' . $child['icon'] . '" style="width:18px;height:18px;" alt="" /> ' : '') . ($child['new'] ? '</a> <a href="' . $scripturl . '?action=unread;board=' . $child['id'] . '" title="' . $txt['new_posts'] . ' (' . $txt['board_topics'] . ': ' . comma_format($child['topics']) . ', ' . $txt['posts'] . ': ' . comma_format($child['posts']) . ')"><img src="' . $settings['lang_images_url'] . '/new.gif" class="new_posts" alt="" />' : '') . '</a>';
						else
							$child['link'] = '<a href="' . $child['href'] . '" title="' . comma_format($child['posts']) . ' ' . $txt['redirects'] . '"' . (!empty($child['color']) ? 'style="color:' . $child['color'] . '">' : '>') . $child['name'] . (!empty($child['icon']) ? ' <img src="' . $child['icon'] . '" style="width:18px;height:18px;" alt="" /> ' : '') . '</a>';
							]]></add>
</operation>
</file>

<file name="$sourcedir/ManageBoards.php">
<operation>
	<search position="before"><![CDATA[				'id' => &$boards[$boardid]['id'],]]></search>
<add><![CDATA[
				'color' => &$boards[$boardid]['color'],
				'icon' => &$boards[$boardid]['icon'],]]></add>
</operation>
<operation>
	<search position="before"><![CDATA[			'id' => 0,]]></search>
<add><![CDATA[
			'color' => '',
			'icon' => '',]]></add>
</operation>
<operation>
	<search position="before"><![CDATA[			'id' => 0,
			'name' => $txt['mboards_new_board_name'],]]></search>
<add><![CDATA[
			'color' => '',
			'icon' => '',]]></add>
</operation>
<operation>
	<search position="before"><![CDATA[		$context['board'] = $boards[$_REQUEST['boardid']];]]></search>
<add><![CDATA[
		$context['board']['color'] = htmlspecialchars($context['board']['color']);
		$context['board']['icon'] = htmlspecialchars($context['board']['icon']);]]></add>
</operation>
<operation>
	<search position="before"><![CDATA[		// Change '1 & 2' to '1 &amp; 2', but not '&amp;' to '&amp;amp;'...]]></search>
<add><![CDATA[
		$boardOptions['board_color'] = preg_replace('~[&]([^;]{8}|[^;]{0,8}$)~', '&amp;$1', $_POST['board_color']);
		$boardOptions['board_icon'] = preg_replace('~[&]([^;]{8}|[^;]{0,8}$)~', '&amp;$1', $_POST['board_icon']);]]></add>
</operation>
</file>

<file name="$themedir/ManageBoards.template.php">
<operation>
<search position="replace"><![CDATA[						<li', !empty($modSettings['recycle_board']) && !empty($modSettings['recycle_enable']) && $modSettings['recycle_board'] == $board['id'] ? ' id="recycle_board"' : ' ', ' class="windowbg', $alternate ? '' : '2', '" style="padding-' . ($context['right_to_left'] ? 'right' : 'left') . ': ', 5 + 30 * $board['child_level'], 'px;', $board['move'] ? 'color: red;' : '', '"><span class="floatleft"><a href="', $scripturl, '?board=', $board['id'], '">', $board['name'], '</a>', !empty($modSettings['recycle_board']) && !empty($modSettings['recycle_enable']) && $modSettings['recycle_board'] == $board['id'] ? '<a href="' . $scripturl . '?action=admin;area=manageboards;sa=settings"> <img src="' . $settings['images_url'] . '/post/recycled.gif" alt="' . $txt['recycle_board'] . '" /></a></span>' : '</span>', ']]>
</search>
<add><![CDATA[						<li', !empty($modSettings['recycle_board']) && !empty($modSettings['recycle_enable']) && $modSettings['recycle_board'] == $board['id'] ? ' id="recycle_board"' : ' ', ' class="windowbg', $alternate ? '' : '2', '" style="padding-' . ($context['right_to_left'] ? 'right' : 'left') . ': ', 5 + 30 * $board['child_level'], 'px;', $board['move'] ? 'color: red;' : '', '"><span class="floatleft"><a href="', $scripturl, '?board=', $board['id'], '"', !empty($board['color']) ? ' style="color: ' . $board['color'] . ';">' : '>' , $board['name'], '</a>' , !empty($board['icon']) ? ' <img src="' . $board['icon'] . '" style="width:18px;height:18px;" alt="" /> ' : ''
							, !empty($modSettings['recycle_board']) && !empty($modSettings['recycle_enable']) && $modSettings['recycle_board'] == $board['id'] ? '<a href="' . $scripturl . '?action=admin;area=manageboards;sa=settings"> <img src="' . $settings['images_url'] . '/post/recycled.gif" alt="' . $txt['recycle_board'] . '" /></a></span>' : '</span>','
							]]></add>
</operation>
<operation>
	<search position="before"><![CDATA[							<input type="text" name="board_name" value="', $context['board']['name'], '" size="30" class="input_text" />
						</dd>]]></search>
<add><![CDATA[
						<dt>
							<strong>', $txt['b_color'], ':</strong><br />
							<span class="smalltext">', $txt['color_of_board'], '</span>
						</dt>
						<dd>
							<input type="text" name="board_color" value="', $context['board']['color'], '" size="7" class="input_text" />
						</dd>
						<dt>
							<strong>', $txt['b_icon'], ':</strong><br />
							<span class="smalltext">', $txt['icon_of_board'], '</span>
						</dt>
						<dd>
							<input type="text" name="board_icon" value="', $context['board']['icon'], '" size="35" class="input_text" />
						</dd>]]></add>
</operation>
</file>

<file name="$themedir/MessageIndex.template.php">
<operation>
<search position="replace"><![CDATA[						<a class="subject" href="', $board['href'], '" name="b', $board['id'], '">', $board['name'], '</a>';]]>
</search>
<add><![CDATA[						<a class="subject" href="', $board['href'], '" name="b', $board['id'], '"' , !empty($board['color']) ? 'style="color:' . $board['color'] . '">' : '>' , $board['name'];
						if (!empty($board['icon'])){
						echo 
						' <img src="',  $board['icon'], '" style="width:18px;height:18px;" alt="" />';
						}
						echo 
						'</a>';]]></add>
</operation>
</file>

<file name="$sourcedir/Stats.php">
<operation>
<search position="replace"><![CDATA[		SELECT id_board, name, num_posts]]>
</search>
<add><![CDATA[		SELECT id_board, color, icon, name, num_posts]]></add>
</operation>
<operation>
<search position="replace"><![CDATA[		$context['top_boards'][] = array(
			'id' => $row_board['id_board'],
			'name' => $row_board['name'],
			'num_posts' => $row_board['num_posts'],
			'href' => $scripturl . '?board=' . $row_board['id_board'] . '.0',
			'link' => '<a href="' . $scripturl . '?board=' . $row_board['id_board'] . '.0">' . $row_board['name'] . '</a>'
		);]]>
</search>
<add><![CDATA[	$context['top_boards'][] = array(
			'id' => $row_board['id_board'],
			'name' => $row_board['name'],
			'num_posts' => $row_board['num_posts'],
			'href' => $scripturl . '?board=' . $row_board['id_board'] . '.0',
			'link' => '<a href="' . $scripturl . '?board=' . $row_board['id_board'] . '.0"' . (!empty($row_board['color']) ? 'style="color:' . $row_board['color'] . '">' : '>') . $row_board['name'] . (!empty($row_board['icon']) ? ' <img src="' . $row_board['icon'] . '" style="width:18px;height:18px;" alt="" /> ' : '') . '</a>'
		);]]></add>
</operation>
</file>

<file name="$sourcedir/Subs-BoardIndex.php">
<operation>
<search position="replace"><![CDATA[			b.id_board, b.name AS board_name, b.description,]]>
</search>
<add><![CDATA[			b.id_board, b.color, b.icon, b.name AS board_name, b.description,]]></add>
</operation>
<operation>
<search position="before"><![CDATA[				$this_category[$row_board['id_board']] = array(
					'new' => empty($row_board['is_read']),
					'id' => $row_board['id_board'],]]>
</search>
<add><![CDATA[
					'color' => $row_board['color'],
					'icon' => $row_board['icon'],]]></add>
</operation>
<operation>
<search position="before"><![CDATA[			$this_category[$row_board['id_parent']]['children'][$row_board['id_board']] = array(
				'id' => $row_board['id_board'],]]>
</search>
<add><![CDATA[
				'color' => $row_board['color'],
				'icon' => $row_board['icon'],]]></add>
</operation>
</file>

<file name="$sourcedir/Subs-Boards.php">
<operation>
<search position="before"><![CDATA[	// Who's allowed to access this board.
	if (isset($boardOptions['access_groups']))
	{
		$boardUpdates[] = 'member_groups = {string:member_groups}';
		$boardUpdateParameters['member_groups'] = implode(',', $boardOptions['access_groups']);
	}
]]>
</search>
<add><![CDATA[
	if (isset($boardOptions['board_color']))
	{
		$boardUpdates[] = 'color = {string:board_color}';
		$boardUpdateParameters['board_color'] = $boardOptions['board_color'];
	}
	
	if (isset($boardOptions['board_icon']))
	{
		$boardUpdates[] = 'icon = {string:board_icon}';
		$boardUpdateParameters['board_icon'] = $boardOptions['board_icon'];
	}
	]]></add>
</operation>
<operation>
<search position="replace"><![CDATA[			IFNULL(b.id_board, 0) AS id_board, b.id_parent, b.name AS board_name, b.description, b.child_level,]]>
</search>
<add><![CDATA[			IFNULL(b.id_board, 0) AS id_board, b.id_parent, b.color, b.icon, b.name AS board_name, b.description, b.child_level,]]></add>
</operation>
<operation>
<search position="before"><![CDATA[				'order' => $row['board_order'],]]>
</search>
<add><![CDATA[
				'color' => $row['color'],
				'icon' => $row['icon'],]]></add>
</operation>
</file>

<file name="$boarddir/Themes/core/MessageIndex.template.php" error="skip">
<operation>
<search position="replace"><![CDATA[				<h4><a href="', $board['href'], '" name="b', $board['id'], '">', $board['name'], '</a>';]]>
</search>
<add><![CDATA[				<h4><a href="', $board['href'], '" name="b', $board['id'], '"' , !empty($board['color']) ? 'style="color:' . $board['color'] . '">' : '>' , $board['name'];
						if (!empty($board['icon'])){
						echo 
						' <img src="',  $board['icon'], '" style="width:18px;height:18px;" alt="" />';
						}
						echo 
						'</a>']]></add>
</operation>
</file>

<file name="$boarddir/Themes/core/BoardIndex.template.php" error="skip">
<operation>
<search position="replace"><![CDATA[					<h4><a href="', $board['href'], '" name="b', $board['id'], '">', $board['name'], '</a>';]]>
</search>
<add><![CDATA[					<h4><a href="', $board['href'], '" name="b', $board['id'], '">' , '<SPAN STYLE="color:', $board['color'], '"/>', $board['name'], '</SPAN>';
						if (!empty($board['icon'])){
						echo 
						' <img src="',  $board['icon'], '" style="width:18px;height:18px;"/>';
						}
						echo 
						'</a>';]]></add>
</operation>
<operation>
<search position="replace"><![CDATA[						if (!$child['is_redirect'])
							$child['link'] = '<a href="' . $child['href'] . '" title="' . ($child['new'] ? $txt['new_posts'] : $txt['old_posts']) . ' (' . $txt['board_topics'] . ': ' . comma_format($child['topics']) . ', ' . $txt['posts'] . ': ' . comma_format($child['posts']) . ')">' . $child['name'] . '</a>';
						else
							$child['link'] = '<a href="' . $child['href'] . '" title="' . comma_format($child['posts']) . ' ' . $txt['redirects'] . '">' . $child['name'] . '</a>';]]>
</search>
<add><![CDATA[						if (!$child['is_redirect'])
							$child['link'] = '<a href="' . $child['href'] . '" ' . ($child['new'] ? 'class="new_posts" ' : '') . 'title="' . ($child['new'] ? $txt['new_posts'] : $txt['old_posts']) . ' (' . $txt['board_topics'] . ': ' . comma_format($child['topics']) . ', ' . $txt['posts'] . ': ' . comma_format($child['posts']) . ')"' . (!empty($child['color']) ? 'style="color:' . $child['color'] . '">' : '>') .  $child['name'] . (!empty($child['icon']) ? ' <img src="' . $child['icon'] . '" style="width:18px;height:18px;" alt="" /> ' : '') . ($child['new'] ? '</a> <a href="' . $scripturl . '?action=unread;board=' . $child['id'] . '" title="' . $txt['new_posts'] . ' (' . $txt['board_topics'] . ': ' . comma_format($child['topics']) . ', ' . $txt['posts'] . ': ' . comma_format($child['posts']) . ')"><img src="' . $settings['lang_images_url'] . '/new.gif" class="new_posts" alt="" />' : '') . '</a>';
						else
							$child['link'] = '<a href="' . $child['href'] . '" title="' . comma_format($child['posts']) . ' ' . $txt['redirects'] . '"' . (!empty($child['color']) ? 'style="color:' . $child['color'] . '">' : '>') . $child['name'] . (!empty($child['icon']) ? ' <img src="' . $child['icon'] . '" style="width:18px;height:18px;" alt="" /> ' : '') . '</a>';
						}]]></add>
</operation>
</file>
</modification>