<?xml version="1.0"?>
<!DOCTYPE modification SYSTEM "http://www.simplemachines.org/xml/modification">
<modification xmlns="http://www.simplemachines.org/xml/modification" xmlns:smf="http://www.simplemachines.org/">
	<name>Board color and icons</name>
	<id>Uniquez:Board color and icons</id>
	<version>1.1</version>
	<homepage>http://www.uniquez-home.com/</homepage>
	
	<file name="$languagedir/Modifications.english.php">
<operation>
	<search position="end" />
<add><![CDATA[
$txt['b_color'] = 'Board Color';
$txt['color_of_board'] = 'This is where you can set the color of the board IE: red OR #FF0000';
$txt['b_icon'] = 'Board Icon';
$txt['icon_of_board'] = 'Please insert link to icon preferably 18x18pix. Auto resize';
]]></add>
</operation>
</file>
</modification>