<?xml version="1.0"?>
<!DOCTYPE package-info SYSTEM "http://www.simplemachines.org/xml/package-info">

<package-info xmlns="http://www.simplemachines.org/xml/package-info" xmlns:smf="http://www.simplemachines.org/">
	<id>Uniquez:Board-color-and-icons</id>
	<name>Board-color-and-icons</name>
	<type>modification</type>
	<version>1.1</version>
	
	<install for="2.0 - 2.99.99">
		<readme parsebbc="true">readme.txt</readme>
		<database>color.php</database>
		<modification type="file">install.xml</modification>
		<modification type="file">languages.xml</modification>
	</install>
	
	<uninstall for="2.0 - 2.99.99">
		<modification type="file" reverse="true">install.xml</modification>
		<modification type="file" reverse="true">languages.xml</modification>
	</uninstall>
	
</package-info>