<?xml version="1.0"?>
 <!DOCTYPE package-info SYSTEM "http://www.simplemachines.org/xml/package-info">
<modification xmlns="http://www.simplemachines.org/xml/modification" xmlns:smf="http://www.simplemachines.org/">
	<id>bigguy:cbi05</id>

	<version>1.7.5</version>



<file name="$themedir/BoardIndex.template.php">
		<operation>
			<search position="replace"><![CDATA[			/* Each board in each category's boards has:
			new (is it new?), id, name, description, moderators (see below), link_moderators (just a list.),
			children (see below.), link_children (easier to use.), children_new (are they new?),
			topics (# of), posts (# of), link, href, and last_post. (see below.) */
			foreach ($category['boards'] as $board)
			{
				echo '
				<tr id="board_', $board['id'], '" class="windowbg2">
					<td class="icon windowbg"', !empty($board['children']) ? ' rowspan="2"' : '', '>
						<a href="', ($board['is_redirect'] || $context['user']['is_guest'] ? $board['href'] : $scripturl . '?action=unread;board=' . $board['id'] . '.0;children'), '">';

				// If the board or children is new, show an indicator.
				if ($board['new'] || $board['children_new'])
					echo '
							<img src="', $settings['images_url'], '/', $context['theme_variant_url'], 'on', $board['new'] ? '' : '2', '.png" alt="', $txt['new_posts'], '" title="', $txt['new_posts'], '" />';
				// Is it a redirection board?
				elseif ($board['is_redirect'])
					echo '
							<img src="', $settings['images_url'], '/', $context['theme_variant_url'], 'redirect.png" alt="*" title="*" />';
				// No new posts at all! The agony!!
				else
					echo '
							<img src="', $settings['images_url'], '/', $context['theme_variant_url'], 'off.png" alt="', $txt['old_posts'], '" title="', $txt['old_posts'], '" />';

				echo '
						</a>
					</td>]]></search>
					
					
			<add><![CDATA[			/* Each board in each category's boards has:
			new (is it new?), id, name, description, moderators (see below), link_moderators (just a list.),
			children (see below.), link_children (easier to use.), children_new (are they new?),
			topics (# of), posts (# of), link, href, and last_post. (see below.) */
			foreach ($category['boards'] as $board)
			{
				echo '
				<tr id="board_', $board['id'], '" class="windowbg2">
					<td class="icon windowbg"', !empty($board['children']) ? ' rowspan="2"' : '', '>
						<a href="', ($board['is_redirect'] || $context['user']['is_guest'] ? $board['href'] : $scripturl . '?action=unread;board=' . $board['id'] . '.0;children'), '">';
				// If the board or children is new, show an indicator.
				if ($board['new'] || $board['children_new'])
				{
					if (file_exists($settings['theme_dir'] . '/images/icons/' . $board['id'] . '/' . $context['theme_variant_url'] . 'on.png'))
						$board_new_img = '/icons/' . $board['id'];
					else
						$board_new_img = '';
					echo '
							<img src="', $settings['images_url'], $board_new_img, '/', $context['theme_variant_url'], 'on', $board['new'] ? '' : '2', '.png" alt="', $txt['new_posts'], '" title="', $txt['new_posts'], '" />';
				}
				// Is it a redirection board?
				elseif ($board['is_redirect'])
				{
					if (file_exists($settings['theme_dir'] . '/images/icons/' . $board['id'] . '/' . $context['theme_variant_url'] . 'redirect.png'))
						$board_redirect_img = '/icons/' . $board['id'];
					else
						$board_redirect_img = '';
					echo '
							<img src="', $settings['images_url'], $board_redirect_img, '/', $context['theme_variant_url'], 'redirect.png" alt="*" title="*" />';
				}
				// No new posts at all! The agony!!
				else
				{
					if (file_exists($settings['theme_dir'] . '/images/icons/' . $board['id'] . '/' . $context['theme_variant_url'] . 'off.png'))
						$board_nonew_img = '/icons/' . $board['id'];
					else
						$board_nonew_img = '';
					echo '
							<img src="', $settings['images_url'], $board_nonew_img, '/', $context['theme_variant_url'], 'off.png" alt="', $txt['old_posts'], '" title="', $txt['old_posts'], '" />';
				}
				echo '
						</a>
					</td>]]></add>
				
				
		</operation>
	</file>
	
	
	<file name="$themedir/MessageIndex.template.php">
		<operation>
			<search position="replace"><![CDATA[			// If the board or children is new, show an indicator.
			if ($board['new'] || $board['children_new'])
				echo '
							<img src="', $settings['images_url'], '/' .$context['theme_variant_url'], 'on', $board['new'] ? '' : '2', '.png" alt="', $txt['new_posts'], '" title="', $txt['new_posts'], '" />';
			// Is it a redirection board?
			elseif ($board['is_redirect'])
				echo '
							<img src="', $settings['images_url'], '/' .$context['theme_variant_url'], 'redirect.png" alt="*" title="*" />';
			// No new posts at all! The agony!!
			else
				echo '
							<img src="', $settings['images_url'], '/' .$context['theme_variant_url'], 'off.png" alt="', $txt['old_posts'], '" title="', $txt['old_posts'], '" />';

			echo '
						</a>
					</td>
					<td class="info">
						<a class="subject" href="', $board['href'], '" name="b', $board['id'], '">', $board['name'], '</a>';]]></search>
				
				
			<add><![CDATA[			// If the board or children is new, show an indicator.
			if ($board['new'] || $board['children_new'])
			{
				if (file_exists($settings['theme_dir'] . '/images/icons/' . $board['id'] . '/' . $context['theme_variant_url'] . 'on.png'))
					$board_new_img = '/icons/' . $board['id'];
				else
					$board_new_img = '';
				echo '
							<img src="', $settings['images_url'], $board_new_img, '/' .$context['theme_variant_url'], 'on', $board['new'] ? '' : '2', '.png" alt="', $txt['new_posts'], '" title="', $txt['new_posts'], '" />';
			}
			// Is it a redirection board?
			elseif ($board['is_redirect'])
			{
				if (file_exists($settings['theme_dir'] . '/images/icons/' . $board['id'] . '/' . $context['theme_variant_url'] . 'redirect.png'))
					$board_redirect_img = '/icons/' . $board['id'];
				else
					$board_redirect_img = '';
				echo '
							<img src="', $settings['images_url'], $board_redirect_img, '/' .$context['theme_variant_url'], 'redirect.png" alt="*" title="*" />';
			}
			// No new posts at all! The agony!!
			else
			{
				if (file_exists($settings['theme_dir'] . '/images/icons/' . $board['id'] . '/' . $context['theme_variant_url'] . 'off.png'))
					$board_nonew_img = '/icons/' . $board['id'];
				else
					$board_nonew_img = '';
				echo '
							<img src="', $settings['images_url'], $board_nonew_img, '/' .$context['theme_variant_url'], 'off.png" alt="', $txt['old_posts'], '" title="', $txt['old_posts'], '" />';
			}
			echo '
						</a>
					</td>
					<td class="info">
						<a class="subject" href="', $board['href'], '" name="b', $board['id'], '">', $board['name'], '</a>';]]>
				</add>
		</operation>
	</file>
	</modification>
