<?xml version="1.0"?>
 <!DOCTYPE package-info SYSTEM "http://www.simplemachines.org/xml/package-info">

<package-info xmlns="http://www.simplemachines.org/xml/package-info" xmlns:smf="http://www.simplemachines.org/">
    
	<id>bigguy:cbi05</id>	
	<name>cbi 1.0</name>		
	<version>1.7.5</version>

   	<type>modification</type>

    <install for="2.0 RC4, 2.0 RC5, 2.0, 2.0.1, 2.0.2">
    <modification>modification.xml</modification>
	<redirect url="$boardurl">redirect.txt</redirect>
    <readme>readme.txt</readme>
	</install>
	
	<uninstall>
		<modification reverse="true">modification.xml</modification>
	</uninstall>
</package-info>			